{"0.6377151362501796":{"user_id":2},"0.12038712824158959":{"user_id":2},"0.5899318654944978":{"user_id":3},"0.7408639541735644":{"user_id":4},"0.6172083420237531":{"user_id":5}}